{"stallDuration":0,"averageLatency":1.4540333333333333,"averageBufferLength":0.770866666666667,"averageBitrate":125343.25723638122,"numSwitches":4}