{"stallDuration":0,"averageLatency":1.4569261744966437,"averageBufferLength":0.7833825503355705,"averageBitrate":120394.76045301725,"numSwitches":4}