{"stallDuration":3295.8000000044703,"averageLatency":1.8387400000000003,"averageBufferLength":0.7935200000000002,"averageBitrate":591710.5928496204,"numSwitches":2}