{"stallDuration":1708.800000000745,"averageLatency":1.7943266666666668,"averageBufferLength":0.7239399999999998,"averageBitrate":521379.73679906636,"numSwitches":2}