{"stallDuration":992.4000000059605,"averageLatency":1.9800133333333334,"averageBufferLength":0.8467666666666667,"averageBitrate":535661.7523685562,"numSwitches":2}