{"stallDuration":1440.6000000005588,"averageLatency":1.6154933333333323,"averageBufferLength":0.760573333333333,"averageBitrate":513610.87251431344,"numSwitches":4}