{"stallDuration":2893.9999999962747,"averageLatency":2.0681133333333332,"averageBufferLength":0.6700600000000002,"averageBitrate":522784.3647087087,"numSwitches":4}