{"stallDuration":1282.1000000052154,"averageLatency":1.5958266666666665,"averageBufferLength":0.7570466666666668,"averageBitrate":526295.0868748177,"numSwitches":4}