{"stallDuration":431.70000000298023,"averageLatency":1.544093333333334,"averageBufferLength":0.7539133333333331,"averageBitrate":520908.726605207,"numSwitches":2}