{"stallDuration":2531.1999999983236,"averageLatency":1.8884733333333334,"averageBufferLength":0.6729000000000003,"averageBitrate":521273.41325414815,"numSwitches":4}