{"stallDuration":6.400000002235174,"averageLatency":2.0726599999999995,"averageBufferLength":0.7979399999999996,"averageBitrate":380743.2814781472,"numSwitches":6}