{"stallDuration":2371.4999999990687,"averageLatency":1.6862617449664425,"averageBufferLength":0.7209664429530197,"averageBitrate":526881.37419878,"numSwitches":5}