{"stallDuration":1529.800000000745,"averageLatency":1.692753333333333,"averageBufferLength":0.7461000000000002,"averageBitrate":518789.44332429103,"numSwitches":2}