{"stallDuration":1630.6999999918044,"averageLatency":1.5761666666666667,"averageBufferLength":0.8181133333333335,"averageBitrate":519065.91669770045,"numSwitches":2}