{"stallDuration":1799.1000000014901,"averageLatency":1.7943666666666673,"averageBufferLength":0.6996466666666666,"averageBitrate":519702.991971032,"numSwitches":4}