{"stallDuration":2258.5999999940395,"averageLatency":1.803466666666666,"averageBufferLength":0.7014266666666666,"averageBitrate":528810.2589158871,"numSwitches":4}