{"stallDuration":2447.199999999255,"averageLatency":1.8248466666666672,"averageBufferLength":0.6580333333333337,"averageBitrate":524485.5199341789,"numSwitches":4}