{"stallDuration":2397.200000004843,"averageLatency":1.884893333333333,"averageBufferLength":0.665673333333333,"averageBitrate":522550.8353073947,"numSwitches":4}