{"stallDuration":879.8999999985099,"averageLatency":1.6011666666666662,"averageBufferLength":0.7311066666666669,"averageBitrate":517176.5864850674,"numSwitches":2}