{"stallDuration":1166.300000000745,"averageLatency":1.5960533333333338,"averageBufferLength":0.7681733333333332,"averageBitrate":528363.0645164683,"numSwitches":2}