{"stallDuration":3793.2999999998137,"averageLatency":2.03388,"averageBufferLength":0.6500733333333333,"averageBitrate":527923.4902292958,"numSwitches":4}