{"stallDuration":1878.8999999985099,"averageLatency":1.7298866666666664,"averageBufferLength":0.7320933333333335,"averageBitrate":518912.47429527366,"numSwitches":4}