{"stallDuration":2507.900000007823,"averageLatency":1.8739200000000005,"averageBufferLength":0.7508066666666668,"averageBitrate":528536.3746557645,"numSwitches":4}