{"stallDuration":15413.70000002347,"averageLatency":4.858593333333333,"averageBufferLength":0.4304733333333332,"averageBitrate":879023.6745876403,"numSwitches":3}