{"stallDuration":13859.70000000298,"averageLatency":4.224106666666667,"averageBufferLength":0.21081999999999987,"averageBitrate":890531.2968037679,"numSwitches":4}