{"stallDuration":12506.199999978766,"averageLatency":4.607753333333332,"averageBufferLength":0.4812999999999998,"averageBitrate":765717.1426625479,"numSwitches":3}