{"stallDuration":11475.399999985471,"averageLatency":4.108826666666666,"averageBufferLength":0.23088,"averageBitrate":871432.3646746826,"numSwitches":3}