{"stallDuration":10106.49999999255,"averageLatency":4.015946666666668,"averageBufferLength":0.5780533333333333,"averageBitrate":665518.6867956971,"numSwitches":2}