{"stallDuration":10225.999999988824,"averageLatency":4.223853333333333,"averageBufferLength":0.5395199999999997,"averageBitrate":686305.8275623062,"numSwitches":2}