{"stallDuration":13598.20000000298,"averageLatency":4.427386666666667,"averageBufferLength":0.20907333333333336,"averageBitrate":808176.8779150451,"numSwitches":3}