{"stallDuration":13628.399999996647,"averageLatency":4.648733333333333,"averageBufferLength":0.5707733333333332,"averageBitrate":883325.9545092528,"numSwitches":3}