{"stallDuration":11549.599999990314,"averageLatency":3.9808666666666674,"averageBufferLength":0.25412,"averageBitrate":675481.2277615096,"numSwitches":3}