{"stallDuration":16347.899999976158,"averageLatency":4.712013333333334,"averageBufferLength":0.4047866666666666,"averageBitrate":968518.6540684148,"numSwitches":2}