{"stallDuration":15223.40000000596,"averageLatency":4.6349599999999995,"averageBufferLength":0.4365466666666667,"averageBitrate":897431.2510755762,"numSwitches":3}