{"stallDuration":12788.400000002235,"averageLatency":4.173489932885906,"averageBufferLength":0.2559463087248323,"averageBitrate":696692.615759184,"numSwitches":2}