{"stallDuration":13860.999999994412,"averageLatency":4.635813333333335,"averageBufferLength":0.4418466666666669,"averageBitrate":844768.3425581305,"numSwitches":3}