{"stallDuration":9084.699999997392,"averageLatency":4.241226666666665,"averageBufferLength":0.5354733333333335,"averageBitrate":654291.5682946558,"numSwitches":3}