{"stallDuration":11680.700000017881,"averageLatency":4.40719333333333,"averageBufferLength":0.5099266666666666,"averageBitrate":706745.8916202098,"numSwitches":2}