{"stallDuration":9127.69999999553,"averageLatency":4.155366666666668,"averageBufferLength":0.5306733333333332,"averageBitrate":660271.8121411322,"numSwitches":3}