{"stallDuration":12899.599999995902,"averageLatency":4.642213333333333,"averageBufferLength":0.44886666666666686,"averageBitrate":813428.7303455946,"numSwitches":3}