{"stallDuration":16858.999999998137,"averageLatency":4.602139999999999,"averageBufferLength":0.1172733333333333,"averageBitrate":956720.3762365109,"numSwitches":2}