{"stallDuration":18213.399999996647,"averageLatency":4.674766666666668,"averageBufferLength":0.12880000000000003,"averageBitrate":922188.796123857,"numSwitches":2}