{"stallDuration":2415.8000000044703,"averageLatency":1.2995133333333335,"averageBufferLength":0.48561999999999994,"averageBitrate":499125.73875933676,"numSwitches":2}