{"stallDuration":12777.30000000447,"averageLatency":4.535853333333334,"averageBufferLength":0.49300000000000016,"averageBitrate":820769.8281154778,"numSwitches":3}