{"stallDuration":17496.29999998957,"averageLatency":4.583893333333333,"averageBufferLength":0.11475333333333328,"averageBitrate":955247.5698304009,"numSwitches":2}