{"stallDuration":14682.600000003353,"averageLatency":4.73078,"averageBufferLength":0.41040000000000004,"averageBitrate":974505.0735811754,"numSwitches":2}