{"stallDuration":6601.999999996275,"averageLatency":2.8516399999999997,"averageBufferLength":0.5933666666666669,"averageBitrate":559998.8497678391,"numSwitches":3}