{"stallDuration":8094.099999990314,"averageLatency":1.8450844444444436,"averageBufferLength":0.6514859259259256,"averageBitrate":417773.67595355405,"numSwitches":21}