{"stallDuration":11623.60000000149,"averageLatency":1.7912755555555562,"averageBufferLength":0.703508148148148,"averageBitrate":342815.3984724883,"numSwitches":8}