{"stallDuration":10326.00000000652,"averageLatency":1.7733600000000018,"averageBufferLength":0.6534548148148156,"averageBitrate":377894.2923472066,"numSwitches":11}