{"stallDuration":5517.400000009686,"averageLatency":1.6258088888888893,"averageBufferLength":0.7553911111111109,"averageBitrate":316250.178660557,"numSwitches":2}