{"stallDuration":11129.199999997392,"averageLatency":1.7476355555555543,"averageBufferLength":0.6881170370370363,"averageBitrate":332259.4092396718,"numSwitches":12}