{"stallDuration":12427.199999991804,"averageLatency":1.8413303703703714,"averageBufferLength":0.6491377777777778,"averageBitrate":351519.7426225117,"numSwitches":13}