{"stallDuration":10897.599999986589,"averageLatency":1.8047866666666672,"averageBufferLength":0.6840548148148147,"averageBitrate":335004.7774184323,"numSwitches":9}