{"stallDuration":6701.4000000059605,"averageLatency":1.861066666666667,"averageBufferLength":0.768964444444445,"averageBitrate":302969.6314966056,"numSwitches":2}