{"stallDuration":12464.999999997206,"averageLatency":1.8644414814814816,"averageBufferLength":0.6654296296296293,"averageBitrate":324128.1323813959,"numSwitches":9}