{"stallDuration":9348.500000002794,"averageLatency":1.749053333333333,"averageBufferLength":0.7005570370370361,"averageBitrate":288100.79120703577,"numSwitches":4}