{"stallDuration":10312.400000000373,"averageLatency":1.7666740740740738,"averageBufferLength":0.6751303703703705,"averageBitrate":339488.82029029296,"numSwitches":11}