{"stallDuration":7115.600000023842,"averageLatency":1.9941896296296302,"averageBufferLength":0.7724044444444439,"averageBitrate":320676.44249030785,"numSwitches":4}