{"stallDuration":11760.19999999553,"averageLatency":1.8504977777777798,"averageBufferLength":0.6509199999999999,"averageBitrate":327951.44527422905,"numSwitches":16}