{"stallDuration":7182.600000008941,"averageLatency":1.818546666666666,"averageBufferLength":0.7575303703703701,"averageBitrate":305941.6597440322,"numSwitches":2}