{"stallDuration":11921.900000002235,"averageLatency":1.7914755555555566,"averageBufferLength":0.6901940740740741,"averageBitrate":295125.8907726788,"numSwitches":2}