{"stallDuration":11062.799999998882,"averageLatency":1.8750637037037046,"averageBufferLength":0.6877140740740736,"averageBitrate":301523.7974738933,"numSwitches":6}