{"stallDuration":10732.700000000186,"averageLatency":1.8094118518518518,"averageBufferLength":0.6933733333333336,"averageBitrate":309499.0672315515,"numSwitches":7}