{"stallDuration":10990.299999998882,"averageLatency":1.8186097922848663,"averageBufferLength":0.6699525222551925,"averageBitrate":341736.0282307319,"numSwitches":18}