{"stallDuration":12547.599999997765,"averageLatency":1.9498814814814818,"averageBufferLength":0.6799911111111114,"averageBitrate":320567.3728379375,"numSwitches":4}