{"stallDuration":11033.599999998696,"averageLatency":1.7864592592592587,"averageBufferLength":0.6765037037037027,"averageBitrate":318460.227674598,"numSwitches":11}