{"stallDuration":13631.90000000596,"averageLatency":1.8834118518518492,"averageBufferLength":0.6696622222222217,"averageBitrate":325130.544550556,"numSwitches":3}