{"stallDuration":29606.900000009686,"averageLatency":2.6788533333333304,"averageBufferLength":0.559837037037037,"averageBitrate":385983.13846813707,"numSwitches":4}