{"stallDuration":6985.499999985099,"averageLatency":1.6440592592592578,"averageBufferLength":0.7555392592592597,"averageBitrate":246665.69648905072,"numSwitches":2}