{"stallDuration":29861.900000001304,"averageLatency":2.837567407407409,"averageBufferLength":0.55698074074074,"averageBitrate":317174.1297394781,"numSwitches":7}