{"stallDuration":10385.599999995902,"averageLatency":1.774712592592591,"averageBufferLength":0.7022074074074075,"averageBitrate":320644.5243309406,"numSwitches":5}