{"stallDuration":5506.499999996275,"averageLatency":2.0806962962962947,"averageBufferLength":0.7507896296296298,"averageBitrate":314960.95146335417,"numSwitches":3}