{"stallDuration":17189.899999998044,"averageLatency":1.993829629629629,"averageBufferLength":0.6343600000000007,"averageBitrate":330352.8743148968,"numSwitches":3}