{"stallDuration":67468.20000000251,"averageLatency":8.307118518518518,"averageBufferLength":0.3900237037037038,"averageBitrate":346044.8087385519,"numSwitches":2}