{"stallDuration":7592.400000009686,"averageLatency":1.7137585185185185,"averageBufferLength":0.7077407407407407,"averageBitrate":337301.6536307256,"numSwitches":3}