{"stallDuration":6066.500000001863,"averageLatency":1.9594296296296294,"averageBufferLength":0.7647051851851858,"averageBitrate":299726.98483524984,"numSwitches":2}