{"stallDuration":26447.49999997765,"averageLatency":4.055780740740743,"averageBufferLength":0.5551466666666667,"averageBitrate":426963.4328906903,"numSwitches":7}