{"stallDuration":16808.50000000326,"averageLatency":1.953437037037034,"averageBufferLength":0.6648607407407404,"averageBitrate":332441.6563678727,"numSwitches":3}