{"stallDuration":42877.900000008754,"averageLatency":2.958832592592591,"averageBufferLength":0.47613185185185236,"averageBitrate":387192.8475293929,"numSwitches":3}