{"stallDuration":8001.599999982864,"averageLatency":1.9995303703703726,"averageBufferLength":0.7472340740740737,"averageBitrate":308589.94613323663,"numSwitches":2}