{"stallDuration":31789.099999999627,"averageLatency":2.163998518518521,"averageBufferLength":0.5312414814814814,"averageBitrate":376888.26769358484,"numSwitches":6}