{"stallDuration":10299.000000000931,"averageLatency":1.7862118518518526,"averageBufferLength":0.7182014814814812,"averageBitrate":262865.6510731571,"numSwitches":6}