{"stallDuration":23921.600000001956,"averageLatency":2.0031777777777804,"averageBufferLength":0.5591392592592593,"averageBitrate":405707.3023685229,"numSwitches":15}