{"stallDuration":24755.40000000503,"averageLatency":1.8297125925925923,"averageBufferLength":0.6062325925925923,"averageBitrate":308106.91016671644,"numSwitches":5}