{"stallDuration":19218.39999999851,"averageLatency":1.9464859259259246,"averageBufferLength":0.6297748148148146,"averageBitrate":363421.57771263405,"numSwitches":4}