{"stallDuration":90701.6999999797,"averageLatency":14.651242962962964,"averageBufferLength":0.251265185185185,"averageBitrate":379668.020544376,"numSwitches":4}