{"stallDuration":25405.899999998976,"averageLatency":1.9370829629629636,"averageBufferLength":0.5597674074074075,"averageBitrate":366157.1782907726,"numSwitches":4}