{"stallDuration":982.3000000007451,"averageLatency":1.5169986648865146,"averageBufferLength":0.7787930574098791,"averageBitrate":475036.05090800795,"numSwitches":15}