{"stallDuration":270.29999999993015,"averageLatency":1.4880186666666688,"averageBufferLength":0.7746200000000001,"averageBitrate":631594.2588404889,"numSwitches":26}