{"stallDuration":1095.7000000011176,"averageLatency":1.2768906666666673,"averageBufferLength":0.7075959999999994,"averageBitrate":371765.44856658217,"numSwitches":3}