{"stallDuration":9515.900000004098,"averageLatency":2.170997333333334,"averageBufferLength":0.7117946666666662,"averageBitrate":677773.4984597535,"numSwitches":22}