{"stallDuration":31974.19999999972,"averageLatency":3.948797333333337,"averageBufferLength":0.631972,"averageBitrate":570399.7786776267,"numSwitches":13}