{"stallDuration":1.300000000745058,"averageLatency":1.565725333333335,"averageBufferLength":0.8539453333333327,"averageBitrate":503415.52723979147,"numSwitches":9}