{"stallDuration":535.8000000002794,"averageLatency":1.5163453333333352,"averageBufferLength":0.8134266666666672,"averageBitrate":610889.1002587645,"numSwitches":17}