{"stallDuration":5608.899999999441,"averageLatency":1.5636293333333322,"averageBufferLength":0.9296960000000004,"averageBitrate":565980.5166284981,"numSwitches":10}