{"stallDuration":250.40000000037253,"averageLatency":1.4820546666666665,"averageBufferLength":0.8625693333333325,"averageBitrate":654319.9802675806,"numSwitches":19}