{"stallDuration":249.39999999850988,"averageLatency":1.4692706666666673,"averageBufferLength":0.8154373333333331,"averageBitrate":453388.00861703453,"numSwitches":13}