{"stallDuration":2795.5000000018626,"averageLatency":1.5317506666666667,"averageBufferLength":0.7077706666666667,"averageBitrate":717608.4344077052,"numSwitches":46}