{"stallDuration":248.4999999962747,"averageLatency":1.661106666666666,"averageBufferLength":0.8589240000000002,"averageBitrate":574491.0019349405,"numSwitches":20}