{"stallDuration":2700.399999992922,"averageLatency":1.5378077436582094,"averageBufferLength":0.7241468624833114,"averageBitrate":682683.5662205426,"numSwitches":34}