{"stallDuration":0,"averageLatency":1.455293333333334,"averageBufferLength":0.8052119999999993,"averageBitrate":423917.1778899608,"numSwitches":14}