{"stallDuration":250.5,"averageLatency":1.4668506666666687,"averageBufferLength":0.8008239999999996,"averageBitrate":481288.20667282457,"numSwitches":17}