{"stallDuration":774.1000000000931,"averageLatency":1.4872773333333313,"averageBufferLength":0.7879186666666673,"averageBitrate":447234.71912726044,"numSwitches":18}