{"stallDuration":1.199999999254942,"averageLatency":1.622558666666667,"averageBufferLength":0.8600466666666666,"averageBitrate":379077.49507849314,"numSwitches":2}