{"stallDuration":3463.199999999255,"averageLatency":1.554798666666666,"averageBufferLength":0.7824159999999997,"averageBitrate":460529.10814863845,"numSwitches":24}