{"stallDuration":21546.300000000745,"averageLatency":2.697746666666668,"averageBufferLength":0.683446666666667,"averageBitrate":291858.92302182544,"numSwitches":5}