{"stallDuration":250.10000000009313,"averageLatency":1.4549293333333353,"averageBufferLength":0.8324839999999999,"averageBitrate":410324.3325334522,"numSwitches":6}