{"stallDuration":16662.099999982864,"averageLatency":1.8817066666666662,"averageBufferLength":0.730788,"averageBitrate":479949.27349238493,"numSwitches":6}