{"stallDuration":9399.60000000149,"averageLatency":1.7155373333333335,"averageBufferLength":0.8115400000000007,"averageBitrate":441279.21152858494,"numSwitches":3}