{"stallDuration":3116.5,"averageLatency":1.5448933333333332,"averageBufferLength":0.7860413333333327,"averageBitrate":432429.50260809914,"numSwitches":8}