{"stallDuration":249.89999999850988,"averageLatency":1.4560133333333327,"averageBufferLength":0.8213146666666673,"averageBitrate":398071.25590219075,"numSwitches":5}