{"stallDuration":12618.599999986589,"averageLatency":1.623338666666666,"averageBufferLength":0.5778413333333339,"averageBitrate":476788.8703616795,"numSwitches":10}