{"stallDuration":6792.199999999255,"averageLatency":1.5822493333333316,"averageBufferLength":0.7907466666666674,"averageBitrate":415649.12088929245,"numSwitches":4}