{"stallDuration":22186.799999952316,"averageLatency":2.382897333333335,"averageBufferLength":0.6846853333333338,"averageBitrate":489464.1247483698,"numSwitches":9}