{"stallDuration":12310.29999999702,"averageLatency":1.7361333333333333,"averageBufferLength":0.680281333333333,"averageBitrate":468043.6879344161,"numSwitches":7}