{"stallDuration":8999.800000000745,"averageLatency":1.644053333333332,"averageBufferLength":0.789526666666667,"averageBitrate":422071.4222368642,"numSwitches":3}