{"stallDuration":7029.39999999851,"averageLatency":1.4879733333333338,"averageBufferLength":0.6666560000000001,"averageBitrate":400927.540919968,"numSwitches":2}