{"stallDuration":1065.8999999985099,"averageLatency":1.5287093333333341,"averageBufferLength":0.8306040000000002,"averageBitrate":405683.00545632816,"numSwitches":8}