{"stallDuration":12987.699999999255,"averageLatency":1.9036533333333352,"averageBufferLength":0.7706120000000002,"averageBitrate":459576.7618143539,"numSwitches":2}