{"stallDuration":47630.200000014156,"averageLatency":4.959702666666666,"averageBufferLength":0.5016093333333338,"averageBitrate":747036.3050141782,"numSwitches":10}