{"stallDuration":14976.800000015646,"averageLatency":1.6253280000000008,"averageBufferLength":0.6149613333333328,"averageBitrate":423270.009425589,"numSwitches":3}