{"stallDuration":15121.600000005215,"averageLatency":1.860495999999999,"averageBufferLength":0.7400639999999999,"averageBitrate":468373.20084191393,"numSwitches":4}