{"stallDuration":11998.099999967963,"averageLatency":1.7228853333333336,"averageBufferLength":0.7500599999999995,"averageBitrate":456136.22111640795,"numSwitches":4}