{"stallDuration":19754.299999970943,"averageLatency":2.4336506666666677,"averageBufferLength":0.7023293333333337,"averageBitrate":494220.00496638694,"numSwitches":6}