{"stallDuration":6321.399999994785,"averageLatency":1.5860773333333336,"averageBufferLength":0.7864159999999998,"averageBitrate":419064.8059768257,"numSwitches":10}