{"stallDuration":1.400000000372529,"averageLatency":1.5592653333333335,"averageBufferLength":0.8635266666666667,"averageBitrate":383149.47835892753,"numSwitches":2}