{"stallDuration":7583.199999999255,"averageLatency":1.697322962962962,"averageBufferLength":0.7287481481481486,"averageBitrate":264405.1829957933,"numSwitches":7}