{"stallDuration":30422.099999982864,"averageLatency":2.8365362962962943,"averageBufferLength":0.5135199999999998,"averageBitrate":411149.73834183865,"numSwitches":4}