{"stallDuration":7233.899999994785,"averageLatency":1.822072592592593,"averageBufferLength":0.7311837037037036,"averageBitrate":314570.76020836184,"numSwitches":2}