{"stallDuration":6538.800000000745,"averageLatency":1.7090029629629635,"averageBufferLength":0.7421688888888892,"averageBitrate":304573.1566387161,"numSwitches":2}