{"stallDuration":36154.09999997914,"averageLatency":4.22564148148148,"averageBufferLength":0.5959274074074075,"averageBitrate":356805.6643590069,"numSwitches":4}