{"stallDuration":31476.20000000298,"averageLatency":3.1118637037037042,"averageBufferLength":0.48392444444444493,"averageBitrate":412338.9301607534,"numSwitches":2}