{"stallDuration":6278.69999999553,"averageLatency":1.8251629629629638,"averageBufferLength":0.7487599999999994,"averageBitrate":304198.7374086552,"numSwitches":2}