{"stallDuration":32761.699999973178,"averageLatency":5.612087407407405,"averageBufferLength":0.5143007407407405,"averageBitrate":478285.135118752,"numSwitches":3}