{"stallDuration":55971.5000000298,"averageLatency":7.740285925925922,"averageBufferLength":0.40535999999999955,"averageBitrate":473154.92076392577,"numSwitches":3}