{"stallDuration":10769.300000002608,"averageLatency":1.7879792592592607,"averageBufferLength":0.6616799999999992,"currentBitrate":200,"playbackspeed":1,"CummulativeQoE":52541.090516673874,"prevA":123.39504401937134,"prevB":0,"prevBitrate":200,"currentQoE":123.39504401937134,"prevStalls":10769.300000002608,"AverageQoE":77.83865261729463,"TotalSegments":675,"currentLiveLatency":1.544,"averageBitrate":325936.6773474192,"numSwitches":10}