{"stallDuration":13263.899999994785,"averageLatency":2.0877451851851823,"averageBufferLength":0.6960118518518521,"currentBitrate":200,"playbackspeed":1,"CummulativeQoE":45567.31742519551,"prevA":111.09623805904663,"prevB":0,"prevBitrate":200,"currentQoE":111.09623805904663,"prevStalls":13263.899999994785,"AverageQoE":67.50713692621558,"TotalSegments":675,"currentLiveLatency":1.549,"averageBitrate":298018.44431354676,"numSwitches":8}