{"stallDuration":9986.09999999404,"averageLatency":1.8515748148148146,"averageBufferLength":0.6724874074074075,"currentBitrate":200,"playbackspeed":1,"CummulativeQoE":52218.86201535593,"prevA":128.69490840176437,"prevB":-5.551115123125783e-17,"prevBitrate":200,"currentQoE":128.69490840176437,"prevStalls":9986.09999999404,"AverageQoE":77.36127705978656,"TotalSegments":675,"currentLiveLatency":1.54,"averageBitrate":343026.7274580254,"numSwitches":10}