{"stallDuration":10527.899999996647,"averageLatency":1.782022222222222,"averageBufferLength":0.6955081481481488,"currentBitrate":200,"playbackspeed":1,"CummulativeQoE":52198.197159818665,"prevA":122.89625333287032,"prevB":0,"prevBitrate":200,"currentQoE":122.89625333287032,"prevStalls":10527.899999996647,"AverageQoE":77.33066245899062,"TotalSegments":675,"currentLiveLatency":1.546,"averageBitrate":327597.9005453731,"numSwitches":7}