{"stallDuration":9909.399999992922,"averageLatency":1.7964637037037028,"averageBufferLength":0.6610029629629627,"currentBitrate":200,"playbackspeed":1,"CummulativeQoE":55814.535287356346,"prevA":129.99634244451929,"prevB":0,"prevBitrate":200,"currentQoE":129.99634244451929,"prevStalls":9909.399999992922,"AverageQoE":82.6882004257131,"TotalSegments":675,"currentLiveLatency":1.537,"averageBitrate":341103.7963643274,"numSwitches":9}