{"stallDuration":11660.29999999702,"averageLatency":1.9713837037037059,"averageBufferLength":0.7012340740740747,"currentBitrate":1000,"playbackspeed":1,"CummulativeQoE":47719.188474650546,"prevA":116.33440355124227,"prevB":0.6989700043360187,"prevBitrate":1000,"currentQoE":115.63543354690626,"prevStalls":11660.29999999702,"AverageQoE":70.69509403651932,"TotalSegments":675,"currentLiveLatency":1.546,"averageBitrate":310552.0291882413,"numSwitches":6}