{"stallDuration":11708.799999985844,"averageLatency":1.8082414814814813,"averageBufferLength":0.7030074074074075,"currentBitrate":200,"playbackspeed":1,"CummulativeQoE":45703.3789832165,"prevA":111.06003534094506,"prevB":0,"prevBitrate":200,"currentQoE":111.06003534094506,"prevStalls":11708.799999985844,"AverageQoE":67.70870960476519,"TotalSegments":675,"currentLiveLatency":1.546,"averageBitrate":297056.13122901233,"numSwitches":2}