{"stallDuration":13218.09999999404,"averageLatency":1.9429348148148167,"averageBufferLength":0.712841481481481,"currentBitrate":1000,"playbackspeed":1,"CummulativeQoE":32674.85084809417,"prevA":109.52770425235495,"prevB":0.6989700043360187,"prevBitrate":1000,"currentQoE":108.82873424801893,"prevStalls":13218.09999999404,"AverageQoE":48.40718644162099,"TotalSegments":675,"currentLiveLatency":1.546,"averageBitrate":295707.52860379056,"numSwitches":11}