{"stallDuration":11070.000000009313,"averageLatency":1.740841481481481,"averageBufferLength":0.6374933333333337,"currentBitrate":200,"playbackspeed":1,"CummulativeQoE":59421.04168082682,"prevA":137.18191196822448,"prevB":0,"prevBitrate":200,"currentQoE":137.18191196822448,"prevStalls":11070.000000009313,"AverageQoE":88.03117286048418,"TotalSegments":675,"currentLiveLatency":1.537,"averageBitrate":363546.7325999708,"numSwitches":17}