{"stallDuration":12210,"averageLatency":1.9176607407407396,"averageBufferLength":0.6939733333333333,"currentBitrate":200,"playbackspeed":1,"CummulativeQoE":46749.56140365908,"prevA":112.67639786354646,"prevB":0,"prevBitrate":200,"currentQoE":112.67639786354646,"prevStalls":12210,"AverageQoE":69.25860948690234,"TotalSegments":675,"currentLiveLatency":1.542,"averageBitrate":301313.9456989114,"numSwitches":4}