{"stallDuration":25097.100000023842,"averageLatency":2.1588948148148153,"averageBufferLength":0.6116281481481488,"currentBitrate":200,"playbackspeed":1,"CummulativeQoE":44434.22849602134,"prevA":93.18290700578129,"prevB":0,"prevBitrate":200,"currentQoE":93.18290700578129,"prevStalls":25050.100000023842,"AverageQoE":65.82848666077236,"TotalSegments":675,"currentLiveLatency":8.44,"averageBitrate":297433.5221175481,"numSwitches":2}