{"stallDuration":13769.800000006333,"averageLatency":1.8197274074074083,"averageBufferLength":0.6696711111111102,"currentBitrate":200,"playbackspeed":1,"CummulativeQoE":53564.27065039311,"prevA":124.77043556475019,"prevB":0,"prevBitrate":200,"currentQoE":124.77043556475019,"prevStalls":13769.800000006333,"AverageQoE":79.35447503761942,"TotalSegments":675,"currentLiveLatency":1.535,"averageBitrate":340106.85589716904,"numSwitches":14}