{"stallDuration":30612.29999998957,"averageLatency":4.994128888888885,"averageBufferLength":0.5216237037037029,"currentBitrate":1000,"playbackspeed":1,"CummulativeQoE":39202.8236726023,"prevA":102.87013611465083,"prevB":0.6989700043360187,"prevBitrate":1000,"currentQoE":102.17116611031481,"prevStalls":30612.29999998957,"AverageQoE":58.078257292744155,"TotalSegments":675,"currentLiveLatency":7.795,"averageBitrate":394112.2174704341,"numSwitches":12}