{"stallDuration":29575.599999995902,"averageLatency":2.6553392592592573,"averageBufferLength":0.5488474074074075,"currentBitrate":200,"playbackspeed":1,"CummulativeQoE":57091.95746304083,"prevA":144.00933591012475,"prevB":-5.551115123125783e-17,"prevBitrate":200,"currentQoE":144.00933591012475,"prevStalls":29575.599999995902,"AverageQoE":84.58067772302346,"TotalSegments":675,"currentLiveLatency":1.547,"averageBitrate":422126.29462527763,"numSwitches":6}