{"stallDuration":9716.20000000298,"averageLatency":1.7929511111111127,"averageBufferLength":0.7167851851851855,"currentBitrate":200,"playbackspeed":1,"CummulativeQoE":39941.150582005066,"prevA":102.00722605918217,"prevB":-5.551115123125783e-17,"prevBitrate":200,"currentQoE":102.00722605918217,"prevStalls":9716.20000000298,"AverageQoE":59.1720749363038,"TotalSegments":675,"currentLiveLatency":1.533,"averageBitrate":258172.34177323407,"numSwitches":3}