{"stallDuration":21189.999999981374,"averageLatency":2.1165170370370374,"averageBufferLength":0.6121762962962958,"currentBitrate":200,"playbackspeed":1,"CummulativeQoE":53702.32280665383,"prevA":126.55781242745057,"prevB":0,"prevBitrate":200,"currentQoE":126.55781242745057,"prevStalls":21189.999999981374,"AverageQoE":79.55899675059827,"TotalSegments":675,"currentLiveLatency":1.543,"averageBitrate":358937.70858275646,"numSwitches":5}