{"stallDuration":19232.300000030547,"averageLatency":1.9697496296296293,"averageBufferLength":0.6402962962962959,"currentBitrate":200,"playbackspeed":1,"CummulativeQoE":51305.76999280729,"prevA":121.24805831750405,"prevB":-5.551115123125783e-17,"prevBitrate":200,"currentQoE":121.24805831750405,"prevStalls":19232.300000030547,"AverageQoE":76.00854813749228,"TotalSegments":675,"currentLiveLatency":1.545,"averageBitrate":338917.19620064273,"numSwitches":3}