{"stallDuration":13937.999999981374,"averageLatency":1.863136296296298,"averageBufferLength":0.6476474074074073,"currentBitrate":200,"playbackspeed":1,"CummulativeQoE":47574.58223107489,"prevA":114.34823494962151,"prevB":-5.551115123125783e-17,"prevBitrate":200,"currentQoE":114.34823494962151,"prevStalls":13937.999999981374,"AverageQoE":70.4808625645554,"TotalSegments":675,"currentLiveLatency":1.535,"averageBitrate":308667.4046072952,"numSwitches":3}