{"stallDuration":12794.29999998957,"averageLatency":1.8933866666666657,"averageBufferLength":0.6935229629629637,"currentBitrate":200,"playbackspeed":1,"CummulativeQoE":47331.95998818205,"prevA":119.8662162862274,"prevB":-5.551115123125783e-17,"prevBitrate":200,"currentQoE":119.8662162862274,"prevStalls":12794.29999998957,"AverageQoE":70.12142220471415,"TotalSegments":675,"currentLiveLatency":1.534,"averageBitrate":329832.54379132384,"numSwitches":5}