{"stallDuration":16405.599999992177,"averageLatency":1.8811955555555544,"averageBufferLength":0.6341555555555558,"currentBitrate":200,"playbackspeed":1,"CummulativeQoE":49963.61585570701,"prevA":118.46891276357945,"prevB":-5.551115123125783e-17,"prevBitrate":200,"currentQoE":118.46891276357945,"prevStalls":16405.599999992177,"AverageQoE":74.02017163808446,"TotalSegments":675,"currentLiveLatency":1.541,"averageBitrate":325123.16238436307,"numSwitches":5}