{"stallDuration":23634.899999996647,"averageLatency":2.1832400000000045,"averageBufferLength":0.5780059259259259,"currentBitrate":200,"playbackspeed":1,"CummulativeQoE":56508.294916944884,"prevA":131.497260527322,"prevB":-5.551115123125783e-17,"prevBitrate":200,"currentQoE":131.497260527322,"prevStalls":23634.899999996647,"AverageQoE":83.71599246954797,"TotalSegments":675,"currentLiveLatency":1.545,"averageBitrate":370729.383932709,"numSwitches":8}