{"stallDuration":72190.8999999538,"averageLatency":6.606309629629629,"averageBufferLength":0.32542814814814786,"currentBitrate":200,"playbackspeed":1,"CummulativeQoE":42425.66103071173,"prevA":39.807625001880865,"prevB":-5.551115123125783e-17,"prevBitrate":200,"currentQoE":39.807625001880865,"prevStalls":72119.99999995157,"AverageQoE":62.85283115660997,"TotalSegments":675,"currentLiveLatency":25.405,"averageBitrate":380215.8704377953,"numSwitches":3}