{"stallDuration":22813.0000000149,"averageLatency":2.337170370370369,"averageBufferLength":0.6042385185185185,"currentBitrate":200,"playbackspeed":1,"CummulativeQoE":54062.11801403456,"prevA":127.87004876866686,"prevB":0,"prevBitrate":200,"currentQoE":127.87004876866686,"prevStalls":22813.0000000149,"AverageQoE":80.09202668745861,"TotalSegments":675,"currentLiveLatency":1.543,"averageBitrate":361180.29513485596,"numSwitches":5}