{"stallDuration":68579.89999999851,"averageLatency":7.209554074074078,"averageBufferLength":0.3332177777777775,"currentBitrate":200,"playbackspeed":1,"CummulativeQoE":41991.88793880285,"prevA":33.291681713358315,"prevB":-5.551115123125783e-17,"prevBitrate":200,"currentQoE":33.291681713358315,"prevStalls":68570.29999999702,"AverageQoE":62.210204353782004,"TotalSegments":675,"currentLiveLatency":27.553,"averageBitrate":376924.1489393762,"numSwitches":3}