{"stallDuration":68373.90000006929,"averageLatency":7.613471111111115,"averageBufferLength":0.3541170370370371,"currentBitrate":200,"playbackspeed":1,"CummulativeQoE":34935.1073475072,"prevA":17.317312702295794,"prevB":0,"prevBitrate":200,"currentQoE":17.317312702295794,"prevStalls":68296.00000006706,"AverageQoE":51.75571458889955,"TotalSegments":675,"currentLiveLatency":27.802,"averageBitrate":333711.70163949346,"numSwitches":2}