{"stallDuration":23394.399999987334,"averageLatency":1.9560207407407424,"averageBufferLength":0.59629037037037,"currentBitrate":200,"playbackspeed":1,"CummulativeQoE":52780.30222101616,"prevA":125.41260785005291,"prevB":0,"prevBitrate":200,"currentQoE":125.41260785005291,"prevStalls":21462.999999988824,"AverageQoE":78.19304032743135,"TotalSegments":675,"currentLiveLatency":3.457,"averageBitrate":350652.737234581,"numSwitches":4}