{"stallDuration":0,"averageLatency":1.4629720000000002,"averageBufferLength":0.8140173333333338,"currentBitrate":1000,"playbackspeed":1,"CummulativeQoE":83127.65887396334,"prevA":186.55158207067544,"prevB":0.6989700043360187,"prevBitrate":1000,"currentQoE":185.85261206633942,"prevStalls":0,"AverageQoE":110.83687849861779,"TotalSegments":750,"currentLiveLatency":1.463,"averageBitrate":448684.4703529299,"numSwitches":9}