{"stallDuration":0,"averageLatency":1.4591160000000012,"averageBufferLength":0.8323226666666667,"currentBitrate":200,"playbackspeed":1,"CummulativeQoE":75865.95838759949,"prevA":158.20996372304097,"prevB":0,"prevBitrate":200,"currentQoE":158.20996372304097,"prevStalls":0,"AverageQoE":101.15461118346599,"TotalSegments":750,"currentLiveLatency":1.46,"averageBitrate":372657.36683767615,"numSwitches":2}