{"stallDuration":40530.40000000037,"averageLatency":6.906710280373831,"averageBufferLength":0.6057463284379169,"currentBitrate":200,"playbackspeed":1,"CummulativeQoE":76262.03320093991,"prevA":123.37386377010539,"prevB":0,"prevBitrate":200,"currentQoE":123.37386377010539,"prevStalls":0,"AverageQoE":101.8184688931107,"TotalSegments":749,"currentLiveLatency":41.78,"averageBitrate":458133.7621287124,"numSwitches":6}