{"stallDuration":7809.9000000031665,"averageLatency":1.6116506666666666,"averageBufferLength":0.7678093333333346,"currentBitrate":200,"playbackspeed":1,"CummulativeQoE":82894.62794418189,"prevA":170.6386030874556,"prevB":-5.551115123125783e-17,"prevBitrate":200,"currentQoE":170.6386030874556,"prevStalls":7809.9000000031665,"AverageQoE":110.52617059224252,"TotalSegments":750,"currentLiveLatency":1.541,"averageBitrate":419321.92039795656,"numSwitches":3}