{"stallDuration":1567,"averageLatency":1.5099719999999992,"averageBufferLength":0.8112973333333332,"currentBitrate":600,"playbackspeed":1,"CummulativeQoE":85273.72111716858,"prevA":187.30779464787508,"prevB":0.4771212547196624,"prevBitrate":600,"currentQoE":186.83067339315542,"prevStalls":1567,"AverageQoE":113.69829482289144,"TotalSegments":750,"currentLiveLatency":1.533,"averageBitrate":452694.9389200422,"numSwitches":16}