{"stallDuration":71284.50000000838,"averageLatency":12.408301333333332,"averageBufferLength":0.4408453333333337,"currentBitrate":200,"playbackspeed":1.5,"CummulativeQoE":52883.528139326285,"prevA":40.48206882418176,"prevB":-5.551115123125783e-17,"prevBitrate":200,"currentQoE":40.48206882418176,"prevStalls":71284.50000000838,"AverageQoE":70.51137085243505,"TotalSegments":750,"currentLiveLatency":23.436,"averageBitrate":457943.9452050299,"numSwitches":3}