{"stallDuration":0,"averageLatency":1.4575253333333342,"averageBufferLength":0.8438733333333336,"currentBitrate":200,"playbackspeed":1,"CummulativeQoE":76075.7665138718,"prevA":158.5713787252083,"prevB":0,"prevBitrate":200,"currentQoE":158.5713787252083,"prevStalls":0,"AverageQoE":101.43435535182907,"TotalSegments":750,"currentLiveLatency":1.457,"averageBitrate":373844.1228110378,"numSwitches":2}