{"stallDuration":1351.7999999998137,"averageLatency":1.5219800000000003,"averageBufferLength":0.8193760000000003,"currentBitrate":200,"playbackspeed":1,"CummulativeQoE":78605.21682731425,"prevA":162.71505462793942,"prevB":0,"prevBitrate":200,"currentQoE":162.71505462793942,"prevStalls":1351.7999999998137,"AverageQoE":104.80695576975232,"TotalSegments":750,"currentLiveLatency":1.537,"averageBitrate":388565.78024530824,"numSwitches":2}