{"stallDuration":255,"averageLatency":1.461604000000001,"averageBufferLength":0.8206546666666671,"currentBitrate":1000,"playbackspeed":1,"CummulativeQoE":81997.54584774809,"prevA":188.6195420639013,"prevB":0.6989700043360187,"prevBitrate":1000,"currentQoE":187.92057205956527,"prevStalls":255,"AverageQoE":109.33006113033078,"TotalSegments":750,"currentLiveLatency":1.465,"averageBitrate":459936.4063677477,"numSwitches":8}