{"stallDuration":1785.3999999975786,"averageLatency":1.5221066666666663,"averageBufferLength":0.795282666666667,"currentBitrate":200,"playbackspeed":1,"CummulativeQoE":86053.81429936929,"prevA":176.7397136175346,"prevB":0,"prevBitrate":200,"currentQoE":176.7397136175346,"prevStalls":1785.3999999975786,"AverageQoE":114.73841906582572,"TotalSegments":750,"currentLiveLatency":1.539,"averageBitrate":421096.0090460718,"numSwitches":14}