{"stallDuration":7915.10000000149,"averageLatency":1.3950786666666677,"averageBufferLength":0.6562159999999989,"currentBitrate":200,"playbackspeed":1,"CummulativeQoE":78503.57218511697,"prevA":162.6156954172103,"prevB":0,"prevBitrate":200,"currentQoE":162.6156954172103,"prevStalls":7915.10000000149,"AverageQoE":104.67142958015596,"TotalSegments":750,"currentLiveLatency":1.546,"averageBitrate":394305.0999143588,"numSwitches":4}