{"stallDuration":0,"averageLatency":1.4564986666666646,"averageBufferLength":0.8374266666666669,"currentBitrate":200,"playbackspeed":1,"CummulativeQoE":75462.11309004683,"prevA":157.53062371870357,"prevB":0,"prevBitrate":200,"currentQoE":157.53062371870357,"prevStalls":0,"AverageQoE":100.61615078672911,"TotalSegments":750,"currentLiveLatency":1.457,"averageBitrate":369745.4005815511,"numSwitches":2}