{"stallDuration":250,"averageLatency":1.4601400000000007,"averageBufferLength":0.8300253333333328,"currentBitrate":200,"playbackspeed":1,"CummulativeQoE":79024.91466151008,"prevA":163.49996689389843,"prevB":0,"prevBitrate":200,"currentQoE":163.49996689389843,"prevStalls":250,"AverageQoE":105.36655288201344,"TotalSegments":750,"currentLiveLatency":1.461,"averageBitrate":385902.37424665433,"numSwitches":4}