{"stallDuration":251.5999999998603,"averageLatency":1.4593066666666659,"averageBufferLength":0.8412026666666668,"currentBitrate":1000,"playbackspeed":1,"CummulativeQoE":79182.01091311434,"prevA":177.48401698061866,"prevB":0.6989700043360187,"prevBitrate":1000,"currentQoE":176.78504697628264,"prevStalls":251.5999999998603,"AverageQoE":105.57601455081912,"TotalSegments":750,"currentLiveLatency":1.46,"averageBitrate":428577.0579832648,"numSwitches":5}