{"stallDuration":0,"averageLatency":1.464350666666665,"averageBufferLength":0.8395919999999993,"currentBitrate":200,"playbackspeed":1,"CummulativeQoE":78244.06855312285,"prevA":162.3037350074801,"prevB":0,"prevBitrate":200,"currentQoE":162.3037350074801,"prevStalls":0,"AverageQoE":104.32542473749713,"TotalSegments":750,"currentLiveLatency":1.464,"averageBitrate":383414.8479497695,"numSwitches":4}