{"stallDuration":8126.1000000010245,"averageLatency":1.6163413333333354,"averageBufferLength":0.7833640000000001,"currentBitrate":200,"playbackspeed":1,"CummulativeQoE":82570.41276148638,"prevA":171.11616791165096,"prevB":0,"prevBitrate":200,"currentQoE":171.11616791165096,"prevStalls":8126.1000000010245,"AverageQoE":110.09388368198185,"TotalSegments":750,"currentLiveLatency":1.537,"averageBitrate":420389.4338044035,"numSwitches":5}