{"stallDuration":668.9999999981374,"averageLatency":1.496899999999999,"averageBufferLength":0.7716479999999998,"currentBitrate":1000,"playbackspeed":1,"CummulativeQoE":95246.82718205845,"prevA":218.88079734031277,"prevB":0.6989700043360187,"prevBitrate":1000,"currentQoE":218.18182733597675,"prevStalls":668.9999999981374,"AverageQoE":126.99576957607793,"TotalSegments":750,"currentLiveLatency":1.52,"averageBitrate":537030.5930596069,"numSwitches":25}