{"stallDuration":5850.4000000031665,"averageLatency":1.5906186666666653,"averageBufferLength":0.7937573333333338,"currentBitrate":200,"playbackspeed":1,"CummulativeQoE":83108.04943885599,"prevA":171.01878378049955,"prevB":-5.551115123125783e-17,"prevBitrate":200,"currentQoE":171.01878378049955,"prevStalls":5850.4000000031665,"AverageQoE":110.81073258514132,"TotalSegments":750,"currentLiveLatency":1.53,"averageBitrate":416091.95353233855,"numSwitches":3}