{"stallDuration":10955.199999989942,"averageLatency":1.668778666666666,"averageBufferLength":0.7734613333333328,"currentBitrate":200,"playbackspeed":1,"CummulativeQoE":83780.42058484671,"prevA":174.64717208999494,"prevB":0,"prevBitrate":200,"currentQoE":174.64717208999494,"prevStalls":10955.199999989942,"AverageQoE":111.70722744646228,"TotalSegments":750,"currentLiveLatency":1.534,"averageBitrate":420888.40341253247,"numSwitches":8}