{"stallDuration":3231.600000000559,"averageLatency":1.5386120000000023,"averageBufferLength":0.8287786666666669,"currentBitrate":200,"playbackspeed":1,"CummulativeQoE":79806.17167057701,"prevA":174.91229050962153,"prevB":-5.551115123125783e-17,"prevBitrate":200,"currentQoE":174.91229050962153,"prevStalls":3231.600000000559,"AverageQoE":106.40822889410268,"TotalSegments":750,"currentLiveLatency":1.547,"averageBitrate":427337.9951252836,"numSwitches":7}