{"stallDuration":4794.800000011921,"averageLatency":2.454526666666666,"averageBufferLength":0.70012,"averageBitrate":544124.9225299064,"numSwitches":2}