{"stallDuration":6905.299999967217,"averageLatency":3.403,"averageBufferLength":0.6594200000000001,"averageBitrate":595269.7617755636,"numSwitches":2}