{"stallDuration":4747.600000008941,"averageLatency":2.40476,"averageBufferLength":0.8093133333333332,"averageBitrate":591997.4978812004,"numSwitches":2}