{"stallDuration":8977.600000020117,"averageLatency":3.95034,"averageBufferLength":0.6017066666666663,"averageBitrate":657969.8563833378,"numSwitches":4}