{"stallDuration":6963.199999976903,"averageLatency":3.1779866666666683,"averageBufferLength":0.618173333333333,"averageBitrate":572164.6936303886,"numSwitches":3}