{"stallDuration":3477.7000000029802,"averageLatency":2.0883666666666665,"averageBufferLength":0.7278733333333335,"averageBitrate":537034.408540981,"numSwitches":2}