{"stallDuration":8321.199999965727,"averageLatency":3.70554,"averageBufferLength":0.6273533333333333,"averageBitrate":632620.6750075629,"numSwitches":4}