{"stallDuration":10434.599999997765,"averageLatency":3.4040266666666668,"averageBufferLength":0.31557999999999997,"averageBitrate":588921.3778357073,"numSwitches":2}