{"stallDuration":5442.000000018626,"averageLatency":2.6178599999999994,"averageBufferLength":0.6526133333333339,"averageBitrate":545866.4607908443,"numSwitches":2}