{"stallDuration":6639.800000000745,"averageLatency":3.017633333333334,"averageBufferLength":0.6758066666666666,"averageBitrate":626647.8360919462,"numSwitches":2}