{"stallDuration":0,"averageLatency":1.5337,"averageBufferLength":0.8169066666666667,"averageBitrate":118437.624417441,"numSwitches":2}