{"stallDuration":0,"averageLatency":1.4580872483221474,"averageBufferLength":0.8184899328859065,"averageBitrate":128757.30931340826,"numSwitches":2}