{"stallDuration":10191.600000003353,"averageLatency":2.3295386666666644,"averageBufferLength":0.5960800000000004,"averageBitrate":105795.90577365507,"numSwitches":4}