{"stallDuration":7350.399999996647,"averageLatency":2.2237093333333338,"averageBufferLength":0.6282800000000007,"averageBitrate":108408.587015752,"numSwitches":7}