{"stallDuration":1145.2999999932945,"averageLatency":1.5434026845637585,"averageBufferLength":0.752221476510067,"currentBitrate":200,"playbackspeed":1,"CummulativeQoE":2517.079871733032,"prevA":29.111009584225716,"prevB":0,"prevBitrate":200,"currentQoE":29.111009584225716,"prevStalls":1145.2999999932945,"AverageQoE":16.893153501563976,"TotalSegments":149,"currentLiveLatency":1.538,"averageBitrate":314022.09181086364,"numSwitches":7}