{"stallDuration":0,"averageLatency":1.4589066666666668,"averageBufferLength":0.8319799999999998,"currentBitrate":200,"playbackspeed":1,"CummulativeQoE":2269.0434398203897,"prevA":26.04308658072628,"prevB":-5.551115123125783e-17,"prevBitrate":200,"currentQoE":26.04308658072628,"prevStalls":0,"AverageQoE":15.126956265469264,"TotalSegments":150,"currentLiveLatency":1.459,"averageBitrate":268453.1603322041,"numSwitches":3}