{"stallDuration":814.9000000059605,"averageLatency":1.5463866666666672,"averageBufferLength":0.8083133333333334,"currentBitrate":200,"playbackspeed":1,"CummulativeQoE":2144.468903998918,"prevA":25.130385863233236,"prevB":0,"prevBitrate":200,"currentQoE":25.130385863233236,"prevStalls":814.9000000059605,"AverageQoE":14.296459359992786,"TotalSegments":150,"currentLiveLatency":1.536,"averageBitrate":259016.01875319282,"numSwitches":2}