{"stallDuration":748.1999999918044,"averageLatency":1.5588666666666673,"averageBufferLength":0.7945333333333333,"currentBitrate":200,"playbackspeed":1,"CummulativeQoE":2239.329666675512,"prevA":25.85155802882555,"prevB":0,"prevBitrate":200,"currentQoE":25.85155802882555,"prevStalls":748.1999999918044,"AverageQoE":14.928864444503413,"TotalSegments":150,"currentLiveLatency":1.539,"averageBitrate":271281.0290218329,"numSwitches":4}