{"stallDuration":0,"averageLatency":1.458926666666667,"averageBufferLength":0.7612399999999998,"currentBitrate":200,"playbackspeed":1,"CummulativeQoE":2167.2140185065014,"prevA":26.17070783327793,"prevB":0,"prevBitrate":200,"currentQoE":26.17070783327793,"prevStalls":0,"AverageQoE":14.448093456710009,"TotalSegments":150,"currentLiveLatency":1.459,"averageBitrate":268427.62717096426,"numSwitches":8}