{"stallDuration":667.1999999992549,"averageLatency":1.5545466666666659,"averageBufferLength":0.7428400000000001,"currentBitrate":200,"playbackspeed":1,"CummulativeQoE":2199.297305410129,"prevA":25.5440499064802,"prevB":0,"prevBitrate":200,"currentQoE":25.5440499064802,"prevStalls":667.1999999992549,"AverageQoE":14.661982036067526,"TotalSegments":150,"currentLiveLatency":1.549,"averageBitrate":265604.73572581314,"numSwitches":4}