{"stallDuration":775.8000000007451,"averageLatency":1.5590866666666672,"averageBufferLength":0.7871999999999999,"currentBitrate":200,"playbackspeed":1,"CummulativeQoE":2249.295914562831,"prevA":25.917788747068293,"prevB":0,"prevBitrate":200,"currentQoE":25.917788747068293,"prevStalls":775.8000000007451,"AverageQoE":14.99530609708554,"TotalSegments":150,"currentLiveLatency":1.546,"averageBitrate":264545.41427376226,"numSwitches":4}