{"stallDuration":647.1999999992549,"averageLatency":1.5417266666666678,"averageBufferLength":0.7630133333333332,"currentBitrate":200,"playbackspeed":1,"CummulativeQoE":2161.5613351974857,"prevA":25.23074735303147,"prevB":0,"prevBitrate":200,"currentQoE":25.23074735303147,"prevStalls":647.1999999992549,"AverageQoE":14.410408901316572,"TotalSegments":150,"currentLiveLatency":1.546,"averageBitrate":267356.9080405795,"numSwitches":4}