{"stallDuration":0,"averageLatency":1.4638448275862064,"averageBufferLength":0.9890517241379312,"averageBitrate":1000000,"numSwitches":1}