{"stallDuration":499,"averageLatency":0.6678620689655171,"averageBufferLength":0.20998275862068974,"averageBitrate":1000000,"numSwitches":1}