{"stallDuration":752.2000000029802,"averageLatency":0.6680172413793104,"averageBufferLength":0.21162068965517242,"averageBitrate":1000000,"numSwitches":1}