{"stallDuration":752.3999999985099,"averageLatency":0.7015172413793104,"averageBufferLength":0.23191379310344834,"averageBitrate":1000000,"numSwitches":1}