{"stallDuration":0,"averageLatency":1.4526724137931033,"averageBufferLength":0.9785689655172415,"averageBitrate":1000000,"numSwitches":1}