{"stallDuration":0,"averageLatency":1.4619137931034483,"averageBufferLength":1.3133103448275862,"averageBitrate":1000000,"numSwitches":1}