{"stallDuration":0,"averageLatency":1.4521896551724136,"averageBufferLength":0.9760000000000002,"averageBitrate":1000000,"numSwitches":1}