{"stallDuration":0,"averageLatency":1.460862068965517,"averageBufferLength":1.3311379310344829,"averageBitrate":1000000,"numSwitches":1}