{"stallDuration":0,"averageLatency":1.4558448275862066,"averageBufferLength":1.0014655172413796,"averageBitrate":1000000,"numSwitches":1}