{"stallDuration":0,"averageLatency":1.4520172413793107,"averageBufferLength":1.1113965517241382,"averageBitrate":1000000,"numSwitches":1}