{"stallDuration":10948.999999970198,"averageLatency":3.4629666666666648,"averageBufferLength":0.3946733333333333,"averageBitrate":809174.187560899,"numSwitches":2}