{"stallDuration":11254.799999995157,"averageLatency":3.8014266666666643,"averageBufferLength":0.3506199999999999,"averageBitrate":1000000,"numSwitches":1}