{"stallDuration":2379.400000002235,"averageLatency":1.6547466666666673,"averageBufferLength":0.7540199999999996,"averageBitrate":317051.1154877915,"numSwitches":3}