{"stallDuration":8368.70000000298,"averageLatency":4.021106666666666,"averageBufferLength":0.7214133333333336,"averageBitrate":944892.2667615744,"numSwitches":4}