{"stallDuration":7757.000000014901,"averageLatency":3.5224800000000003,"averageBufferLength":0.8775533333333332,"averageBitrate":721054.5362836187,"numSwitches":2}