{"stallDuration":11634.30000000447,"averageLatency":3.803846666666668,"averageBufferLength":0.3297066666666667,"averageBitrate":1000000,"numSwitches":1}