{"stallDuration":7515.899999983609,"averageLatency":3.5206800000000005,"averageBufferLength":0.5839600000000004,"averageBitrate":802172.414346451,"numSwitches":2}