{"stallDuration":0.5,"averageLatency":1.842233333333333,"averageBufferLength":0.8628866666666671,"averageBitrate":325701.9106530276,"numSwitches":4}