{"stallDuration":11455.39999999106,"averageLatency":3.66726,"averageBufferLength":0.33941333333333323,"averageBitrate":1000000,"numSwitches":1}