{"stallDuration":10558.999999981374,"averageLatency":3.640019999999999,"averageBufferLength":0.41422,"averageBitrate":1000000,"numSwitches":1}