{"stallDuration":9724.10000000894,"averageLatency":3.8358466666666673,"averageBufferLength":0.6357333333333333,"averageBitrate":1000000,"numSwitches":1}