{"stallDuration":9934.200000014156,"averageLatency":3.6389866666666664,"averageBufferLength":0.4364533333333333,"averageBitrate":1000000,"numSwitches":1}