{"stallDuration":10945.999999973923,"averageLatency":3.666913333333332,"averageBufferLength":0.3633066666666668,"averageBitrate":1000000,"numSwitches":1}