{"stallDuration":1382.0999999996275,"averageLatency":1.5862133333333333,"averageBufferLength":0.7089199999999999,"averageBitrate":351086.44352418924,"numSwitches":7}