{"stallDuration":581.9000000003725,"averageLatency":1.545233333333334,"averageBufferLength":0.7733066666666668,"averageBitrate":266203.62769687636,"numSwitches":2}