{"stallDuration":251.30000000074506,"averageLatency":1.4964666666666668,"averageBufferLength":0.8198666666666664,"averageBitrate":265510.49116342503,"numSwitches":2}