{"stallDuration":1132.7000000011176,"averageLatency":1.5786066666666672,"averageBufferLength":0.7457466666666671,"averageBitrate":277139.2445527713,"numSwitches":6}