{"stallDuration":151.60000000149012,"averageLatency":2.484173333333333,"averageBufferLength":0.9370066666666669,"averageBitrate":254667.9971318114,"numSwitches":2}