{"stallDuration":1234.8999999985099,"averageLatency":1.552180000000001,"averageBufferLength":0.79104,"averageBitrate":263689.8087238516,"numSwitches":4}