{"stallDuration":250.90000000223517,"averageLatency":1.4909466666666664,"averageBufferLength":0.8101399999999999,"averageBitrate":273916.6120579788,"numSwitches":4}