{"stallDuration":1174,"averageLatency":1.5501133333333332,"averageBufferLength":0.7945333333333329,"averageBitrate":268076.16360006446,"numSwitches":4}