{"stallDuration":1696.3999999985099,"averageLatency":1.5649666666666668,"averageBufferLength":0.7149066666666668,"averageBitrate":312565.4849568168,"numSwitches":8}