{"stallDuration":620.0999999996275,"averageLatency":1.547193333333333,"averageBufferLength":0.7865399999999995,"averageBitrate":264613.22672668064,"numSwitches":4}