{"stallDuration":796.8999999985099,"averageLatency":1.5636266666666663,"averageBufferLength":0.7119333333333334,"averageBitrate":370595.71629789495,"numSwitches":9}