{"stallDuration":255.69999999925494,"averageLatency":2.3457466666666664,"averageBufferLength":1.0495066666666661,"averageBitrate":215229.65131292687,"numSwitches":4}