{"stallDuration":0,"averageLatency":1.4619666666666662,"averageBufferLength":0.8121533333333336,"averageBitrate":106107.82671843222,"numSwitches":2}