{"stallDuration":680.9000000013039,"averageLatency":1.5557333333333332,"averageBufferLength":0.7446333333333335,"averageBitrate":268191.6390161426,"numSwitches":4}