{"stallDuration":641.800000006333,"averageLatency":1.5406400000000002,"averageBufferLength":0.7710800000000001,"averageBitrate":267075.10790437716,"numSwitches":4}