{"stallDuration":716,"averageLatency":1.5356199999999998,"averageBufferLength":0.8167666666666668,"averageBitrate":260582.27952157176,"numSwitches":2}