{"stallDuration":0,"averageLatency":1.45484,"averageBufferLength":0.7871333333333331,"averageBitrate":252807.66082628933,"numSwitches":4}