{"stallDuration":968.3999999985099,"averageLatency":1.5711000000000008,"averageBufferLength":0.7242333333333336,"averageBitrate":268095.7638482661,"numSwitches":4}