{"stallDuration":631.1999999992549,"averageLatency":1.54288,"averageBufferLength":0.7485866666666665,"averageBitrate":259269.74263460748,"numSwitches":4}