{"stallDuration":1104.300000000745,"averageLatency":1.4010133333333339,"averageBufferLength":0.7867600000000001,"averageBitrate":235953.27894855558,"numSwitches":4}