{"stallDuration":1103.7999999970198,"averageLatency":1.563213333333334,"averageBufferLength":0.7595333333333333,"averageBitrate":268871.819330332,"numSwitches":4}