{"stallDuration":1549.2999999970198,"averageLatency":1.5805333333333333,"averageBufferLength":0.7795799999999999,"averageBitrate":270424.40673388506,"numSwitches":4}