{"stallDuration":993.8999999985099,"averageLatency":1.5521666666666667,"averageBufferLength":0.7246133333333333,"averageBitrate":279523.965975733,"numSwitches":6}