{"stallDuration":251.5,"averageLatency":1.4778266666666673,"averageBufferLength":0.8189800000000004,"averageBitrate":269923.72659345856,"numSwitches":2}