{"stallDuration":482.30000000074506,"averageLatency":1.5363799999999985,"averageBufferLength":0.7916466666666665,"averageBitrate":260459.8198732006,"numSwitches":4}