{"stallDuration":350.6000000014901,"averageLatency":1.5485266666666668,"averageBufferLength":0.8023066666666664,"averageBitrate":269508.81761344586,"numSwitches":2}