{"stallDuration":663.9000000040978,"averageLatency":1.556286666666667,"averageBufferLength":0.7983,"averageBitrate":267448.98964885564,"numSwitches":4}