{"stallDuration":23761.599999996135,"averageLatency":6.676586666666666,"averageBufferLength":0.09068000000000005,"averageBitrate":1000000,"numSwitches":1}