{"stallDuration":11884.999999988824,"averageLatency":4.509046666666666,"averageBufferLength":0.27616000000000007,"averageBitrate":1000000,"numSwitches":1}