{"stallDuration":11255.400000017136,"averageLatency":3.618233333333332,"averageBufferLength":0.3538933333333333,"averageBitrate":1000000,"numSwitches":1}