{"stallDuration":28288.699999963865,"averageLatency":9.159446666666666,"averageBufferLength":0.04406666666666667,"averageBitrate":890169.1725375465,"numSwitches":2}