{"stallDuration":11456.30000000191,"averageLatency":4.354546666666668,"averageBufferLength":0.29023999999999994,"averageBitrate":1000000,"numSwitches":1}