{"stallDuration":10607.899999979883,"averageLatency":3.590780000000001,"averageBufferLength":0.35280000000000017,"averageBitrate":1000000,"numSwitches":1}