{"stallDuration":11882.399999999208,"averageLatency":4.422006666666666,"averageBufferLength":0.29007333333333335,"averageBitrate":1000000,"numSwitches":1}