{"stallDuration":13052.599999992177,"averageLatency":4.368286666666667,"averageBufferLength":0.2664333333333332,"averageBitrate":1000000,"numSwitches":1}