{"stallDuration":11499.099999969825,"averageLatency":4.4052617449664435,"averageBufferLength":0.28830872483221454,"averageBitrate":1000000,"numSwitches":1}