{"stallDuration":11713.599999999627,"averageLatency":3.720340000000001,"averageBufferLength":0.34231999999999996,"averageBitrate":1000000,"numSwitches":1}