{"stallDuration":10743.39999999851,"averageLatency":3.419126666666667,"averageBufferLength":0.38086000000000014,"averageBitrate":795451.820539259,"numSwitches":2}