{"stallDuration":9662.100000000792,"averageLatency":3.7161466666666683,"averageBufferLength":0.39346,"averageBitrate":739900.5432633242,"numSwitches":3}