{"stallDuration":11657.299999998882,"averageLatency":4.331946666666668,"averageBufferLength":0.28763333333333346,"averageBitrate":1000000,"numSwitches":1}