{"stallDuration":27629.49999999255,"averageLatency":9.02952,"averageBufferLength":0.04128,"averageBitrate":1000000,"numSwitches":1}