{"stallDuration":13188.699999984354,"averageLatency":3.879526666666668,"averageBufferLength":0.3145866666666665,"averageBitrate":1000000,"numSwitches":1}