{"stallDuration":4415.699999998789,"averageLatency":2.232293333333334,"averageBufferLength":0.6097466666666667,"averageBitrate":497295.2040775261,"numSwitches":2}