{"stallDuration":11130.99999997951,"averageLatency":4.395833333333333,"averageBufferLength":0.28130666666666665,"averageBitrate":1000000,"numSwitches":1}