{"stallDuration":11412.099999986589,"averageLatency":4.3629799999999985,"averageBufferLength":0.2879066666666664,"averageBitrate":1000000,"numSwitches":1}