{"stallDuration":12055.899999994785,"averageLatency":4.4090133333333315,"averageBufferLength":0.25794000000000006,"averageBitrate":1000000,"numSwitches":1}