{"stallDuration":11973.899999994785,"averageLatency":4.474526666666666,"averageBufferLength":0.27644666666666656,"averageBitrate":1000000,"numSwitches":1}