{"stallDuration":6021.700000001118,"averageLatency":2.3304466666666652,"averageBufferLength":0.5348866666666667,"averageBitrate":512918.8928886535,"numSwitches":3}