{"stallDuration":12003.199999999255,"averageLatency":4.163213333333335,"averageBufferLength":0.2962200000000001,"averageBitrate":1000000,"numSwitches":1}