{"stallDuration":4482.5000000130385,"averageLatency":1.7086466666666666,"averageBufferLength":0.6810866666666664,"averageBitrate":333461.7222664034,"numSwitches":2}