{"stallDuration":12149.199999997392,"averageLatency":4.538913333333333,"averageBufferLength":0.2757,"averageBitrate":1000000,"numSwitches":1}