{"stallDuration":11725.400000013411,"averageLatency":4.5690066666666675,"averageBufferLength":0.2720333333333333,"averageBitrate":1000000,"numSwitches":1}