{"stallDuration":11404.099999999511,"averageLatency":4.341679999999999,"averageBufferLength":0.2848333333333334,"averageBitrate":1000000,"numSwitches":1}