{"stallDuration":11065.199999973178,"averageLatency":3.6668266666666662,"averageBufferLength":0.34639333333333355,"averageBitrate":1000000,"numSwitches":1}