{"stallDuration":0,"averageLatency":1.9257758620689656,"averageBufferLength":1.2247931034482757,"averageBitrate":173907.8888479292,"numSwitches":2}