{"stallDuration":0,"averageLatency":1.452051724137931,"averageBufferLength":0.9410862068965518,"averageBitrate":149433.94053949573,"numSwitches":2}