{"stallDuration":499.0999999977648,"averageLatency":0.7497758620689655,"averageBufferLength":0.28541379310344817,"averageBitrate":703133.8077123517,"numSwitches":15}