{"stallDuration":0,"averageLatency":1.4540862068965517,"averageBufferLength":1.431568965517241,"averageBitrate":1000000,"numSwitches":1}