{"stallDuration":0,"averageLatency":1.4538793103448275,"averageBufferLength":0.921086206896552,"averageBitrate":1000000,"numSwitches":1}