{"stallDuration":0,"averageLatency":1.457172413793104,"averageBufferLength":0.9253620689655172,"averageBitrate":1000000,"numSwitches":1}