{"stallDuration":0,"averageLatency":1.454103448275862,"averageBufferLength":0.9010862068965517,"averageBitrate":1000000,"numSwitches":1}