{"stallDuration":0,"averageLatency":1.4589482758620693,"averageBufferLength":0.9852413793103451,"averageBitrate":1000000,"numSwitches":1}