{"stallDuration":0,"averageLatency":1.4587586206896552,"averageBufferLength":0.9744655172413794,"averageBitrate":1000000,"numSwitches":1}