{"stallDuration":749.8999999985099,"averageLatency":0.7117413793103449,"averageBufferLength":0.3009310344827585,"averageBitrate":520248.26799802814,"numSwitches":21}