{"stallDuration":0,"averageLatency":1.4518275862068961,"averageBufferLength":0.9069827586206898,"averageBitrate":980727.4861446519,"numSwitches":2}