{"stallDuration":0,"averageLatency":1.4510862068965515,"averageBufferLength":0.8924655172413796,"averageBitrate":1000000,"numSwitches":1}