{"stallDuration":0,"averageLatency":1.4609655172413791,"averageBufferLength":0.9039137931034483,"averageBitrate":1000000,"numSwitches":1}