{"stallDuration":0,"averageLatency":1.454689655172414,"averageBufferLength":0.9055862068965519,"averageBitrate":1000000,"numSwitches":1}