{"stallDuration":0,"averageLatency":1.4511034482758625,"averageBufferLength":0.910103448275862,"averageBitrate":1000000,"numSwitches":1}