{"stallDuration":0,"averageLatency":1.4614655172413793,"averageBufferLength":0.9000862068965515,"averageBitrate":1000000,"numSwitches":1}