{"stallDuration":0,"averageLatency":1.4616206896551727,"averageBufferLength":0.9042413793103448,"averageBitrate":1000000,"numSwitches":1}