{"stallDuration":0,"averageLatency":1.4549827586206894,"averageBufferLength":0.9033620689655174,"averageBitrate":1000000,"numSwitches":1}