{"stallDuration":0,"averageLatency":1.457551724137931,"averageBufferLength":0.8996724137931036,"averageBitrate":1000000,"numSwitches":1}