{"stallDuration":0,"averageLatency":1.4588448275862065,"averageBufferLength":0.9324827586206895,"averageBitrate":1000000,"numSwitches":1}