{"stallDuration":0,"averageLatency":1.4652758620689659,"averageBufferLength":0.9000344827586207,"averageBitrate":1000000,"numSwitches":1}