{"stallDuration":0,"averageLatency":1.4548448275862067,"averageBufferLength":0.894551724137931,"averageBitrate":1000000,"numSwitches":1}