{"stallDuration":0,"averageLatency":1.4516896551724139,"averageBufferLength":0.9006379310344829,"averageBitrate":1000000,"numSwitches":1}