{"stallDuration":0,"averageLatency":1.4578793103448278,"averageBufferLength":0.9685862068965517,"averageBitrate":1000000,"numSwitches":1}