{"stallDuration":0,"averageLatency":1.4578965517241376,"averageBufferLength":0.8951724137931033,"averageBitrate":1000000,"numSwitches":1}