{"stallDuration":249.79999999981374,"averageLatency":0.7252241379310346,"averageBufferLength":0.20263793103448272,"averageBitrate":1000000,"numSwitches":1}