{"stallDuration":0,"averageLatency":1.4541206896551726,"averageBufferLength":0.8944655172413791,"averageBitrate":1000000,"numSwitches":1}