{"stallDuration":1499.3999999947846,"averageLatency":0.682137931034483,"averageBufferLength":0.20748275862068963,"averageBitrate":1000000,"numSwitches":1}