{"stallDuration":0,"averageLatency":1.4526551724137933,"averageBufferLength":0.9242931034482761,"averageBitrate":1000000,"numSwitches":1}