{"stallDuration":0,"averageLatency":1.462948275862069,"averageBufferLength":0.8992241379310347,"averageBitrate":1000000,"numSwitches":1}