{"stallDuration":0,"averageLatency":1.4666724137931038,"averageBufferLength":0.971362068965517,"averageBitrate":1000000,"numSwitches":1}