{"stallDuration":0,"averageLatency":1.4529310344827593,"averageBufferLength":0.9184655172413795,"averageBitrate":1000000,"numSwitches":1}