{"stallDuration":0,"averageLatency":1.4652931034482761,"averageBufferLength":1.3703275862068969,"averageBitrate":1000000,"numSwitches":1}