{"stallDuration":832.7000000001863,"averageLatency":0.7136379310344829,"averageBufferLength":0.18317241379310342,"averageBitrate":1000000,"numSwitches":1}