{"stallDuration":0,"averageLatency":1.4660689655172414,"averageBufferLength":1.346844827586207,"averageBitrate":1000000,"numSwitches":1}