{"stallDuration":0,"averageLatency":1.4576206896551729,"averageBufferLength":0.8967068965517241,"averageBitrate":1000000,"numSwitches":1}