{"stallDuration":0,"averageLatency":1.4641034482758628,"averageBufferLength":0.914379310344828,"averageBitrate":1000000,"numSwitches":1}