{"stallDuration":751.0999999986961,"averageLatency":0.7304655172413792,"averageBufferLength":0.19448275862068964,"averageBitrate":1000000,"numSwitches":1}