{"stallDuration":0,"averageLatency":1.4524827586206897,"averageBufferLength":0.9062413793103452,"averageBitrate":1000000,"numSwitches":1}