{"stallDuration":1249.8999999989755,"averageLatency":0.6925000000000001,"averageBufferLength":0.1642068965517241,"averageBitrate":1000000,"numSwitches":1}