{"stallDuration":0,"averageLatency":1.465965517241379,"averageBufferLength":0.9722068965517242,"averageBitrate":1000000,"numSwitches":1}