{"stallDuration":11497.099999998696,"averageLatency":8.874758620689656,"averageBufferLength":0.03920689655172413,"averageBitrate":1000000,"numSwitches":1}