{"stallDuration":0,"averageLatency":1.460931034482759,"averageBufferLength":0.9221724137931036,"averageBitrate":1000000,"numSwitches":1}