{"stallDuration":0,"averageLatency":1.4521034482758612,"averageBufferLength":0.9195517241379312,"averageBitrate":1000000,"numSwitches":1}