{"stallDuration":0,"averageLatency":1.454068965517241,"averageBufferLength":0.9036724137931035,"averageBitrate":1000000,"numSwitches":1}