{"stallDuration":1727.9999999962747,"averageLatency":1.763700000000001,"averageBufferLength":0.6942333333333331,"currentBitrate":200,"playbackspeed":1,"CummulativeQoE":4020.947857116831,"prevA":41.84952937250906,"prevB":0,"prevBitrate":200,"currentQoE":41.84952937250906,"prevStalls":1727.9999999962747,"AverageQoE":26.80631904744554,"TotalSegments":150,"currentLiveLatency":1.535,"averageBitrate":522286.12523881684,"numSwitches":2}