{"stallDuration":1105.4999999962747,"averageLatency":1.5688666666666662,"averageBufferLength":0.6904866666666668,"currentBitrate":200,"playbackspeed":1,"CummulativeQoE":3751.089655742852,"prevA":40.118056419791245,"prevB":0,"prevBitrate":200,"currentQoE":40.118056419791245,"prevStalls":1105.4999999962747,"AverageQoE":25.007264371619012,"TotalSegments":150,"currentLiveLatency":1.539,"averageBitrate":478510.43466795434,"numSwitches":8}