{"stallDuration":1065.2999999932945,"averageLatency":1.6344666666666663,"averageBufferLength":0.7611666666666667,"currentBitrate":200,"playbackspeed":1,"CummulativeQoE":4008.8381919666504,"prevA":41.42266990157861,"prevB":0,"prevBitrate":200,"currentQoE":41.42266990157861,"prevStalls":1065.2999999932945,"AverageQoE":26.725587946444335,"TotalSegments":150,"currentLiveLatency":1.535,"averageBitrate":516863.58267947385,"numSwitches":2}