{"stallDuration":19621.400000017136,"averageLatency":4.802473333333334,"averageBufferLength":0.30938666666666675,"currentBitrate":200,"playbackspeed":1,"CummulativeQoE":2673.0926496708207,"prevA":14.645629791854704,"prevB":0,"prevBitrate":200,"currentQoE":14.645629791854704,"prevStalls":19600.10000001639,"AverageQoE":17.820617664472138,"TotalSegments":150,"currentLiveLatency":10.981,"averageBitrate":608064.826181782,"numSwitches":2}