{"stallDuration":1680.2999999970198,"averageLatency":1.6661666666666677,"averageBufferLength":0.7140066666666665,"currentBitrate":200,"playbackspeed":1,"CummulativeQoE":3959.976242169777,"prevA":40.90872035695119,"prevB":0,"prevBitrate":200,"currentQoE":40.90872035695119,"prevStalls":1680.2999999970198,"AverageQoE":26.399841614465178,"TotalSegments":150,"currentLiveLatency":1.534,"averageBitrate":517972.7087129091,"numSwitches":2}