{"stallDuration":1064.4000000022352,"averageLatency":1.5953266666666663,"averageBufferLength":0.7337666666666665,"currentBitrate":200,"playbackspeed":1,"CummulativeQoE":3910.0745054232834,"prevA":40.280347394121115,"prevB":0,"prevBitrate":200,"currentQoE":40.280347394121115,"prevStalls":1064.4000000022352,"AverageQoE":26.067163369488558,"TotalSegments":150,"currentLiveLatency":1.54,"averageBitrate":512193.3313054232,"numSwitches":4}