{"stallDuration":2078.1999999918044,"averageLatency":1.7854362416107383,"averageBufferLength":0.7106778523489934,"currentBitrate":200,"playbackspeed":1,"CummulativeQoE":3934.437451246063,"prevA":41.3472316016869,"prevB":0,"prevBitrate":200,"currentQoE":41.3472316016869,"prevStalls":2078.1999999918044,"AverageQoE":26.4056204781615,"TotalSegments":149,"currentLiveLatency":1.537,"averageBitrate":521339.83975163754,"numSwitches":4}