{"stallDuration":1098.0999999940395,"averageLatency":1.6099866666666671,"averageBufferLength":0.7603533333333337,"currentBitrate":200,"playbackspeed":1,"CummulativeQoE":4013.5934753916076,"prevA":41.43223489134203,"prevB":0,"prevBitrate":200,"currentQoE":41.43223489134203,"prevStalls":1098.0999999940395,"AverageQoE":26.75728983594405,"TotalSegments":150,"currentLiveLatency":1.546,"averageBitrate":519503.8523214466,"numSwitches":2}