{"stallDuration":2296.900000002235,"averageLatency":1.7989533333333334,"averageBufferLength":0.6842466666666664,"currentBitrate":200,"playbackspeed":1,"CummulativeQoE":3943.469759284361,"prevA":41.007686616224056,"prevB":0,"prevBitrate":200,"currentQoE":41.007686616224056,"prevStalls":2296.900000002235,"AverageQoE":26.289798395229074,"TotalSegments":150,"currentLiveLatency":1.547,"averageBitrate":522229.2163651179,"numSwitches":4}