{"stallDuration":2045.4000000022352,"averageLatency":1.7025400000000008,"averageBufferLength":0.683866666666667,"currentBitrate":200,"playbackspeed":1,"CummulativeQoE":3905.7653229786065,"prevA":40.36178606732145,"prevB":0,"prevBitrate":200,"currentQoE":40.36178606732145,"prevStalls":2045.4000000022352,"AverageQoE":26.038435486524044,"TotalSegments":150,"currentLiveLatency":1.546,"averageBitrate":515307.07561346045,"numSwitches":2}