{"stallDuration":3360.5,"averageLatency":2.05026,"averageBufferLength":0.6684466666666669,"currentBitrate":200,"playbackspeed":1,"CummulativeQoE":4037.261064572025,"prevA":42.74568298404507,"prevB":0,"prevBitrate":200,"currentQoE":42.74568298404507,"prevStalls":3360.5,"AverageQoE":26.9150737638135,"TotalSegments":150,"currentLiveLatency":1.534,"averageBitrate":528410.2794583016,"numSwitches":4}