{"stallDuration":3396.0999999940395,"averageLatency":1.9022533333333336,"averageBufferLength":0.68568,"currentBitrate":200,"playbackspeed":1,"CummulativeQoE":3914.3521054125586,"prevA":40.96178722284521,"prevB":0,"prevBitrate":200,"currentQoE":40.96178722284521,"prevStalls":3396.0999999940395,"AverageQoE":26.09568070275039,"TotalSegments":150,"currentLiveLatency":1.548,"averageBitrate":523289.01748497074,"numSwitches":4}