{"stallDuration":18976.899999987334,"averageLatency":4.639379999999997,"averageBufferLength":0.10038666666666664,"currentBitrate":600,"playbackspeed":1,"CummulativeQoE":4235.514547476452,"prevA":48.704328125971784,"prevB":0.4771212547196624,"prevBitrate":600,"currentQoE":48.22720687125212,"prevStalls":18976.899999987334,"AverageQoE":28.236763649843013,"TotalSegments":150,"currentLiveLatency":9.914,"averageBitrate":984306.5292652346,"numSwitches":2}