{"stallDuration":13848.20000000298,"averageLatency":4.730733333333335,"averageBufferLength":0.43810666666666664,"currentBitrate":200,"playbackspeed":1.4999999999999856,"CummulativeQoE":4352.186283251275,"prevA":49.255088688275656,"prevB":-5.551115123125783e-17,"prevBitrate":200,"currentQoE":49.255088688275656,"prevStalls":13848.20000000298,"AverageQoE":29.01457522167517,"TotalSegments":150,"currentLiveLatency":7.865,"averageBitrate":834691.6400856563,"numSwitches":3}