{"stallDuration":12301.799999978393,"averageLatency":4.470666666666667,"averageBufferLength":0.4666533333333334,"currentBitrate":200,"playbackspeed":1.4999999999993356,"CummulativeQoE":4411.920446496073,"prevA":51.241724321530256,"prevB":-5.551115123125783e-17,"prevBitrate":200,"currentQoE":51.241724321530256,"prevStalls":12301.799999978393,"AverageQoE":29.41280297664049,"TotalSegments":150,"currentLiveLatency":7.041,"averageBitrate":825699.9363961275,"numSwitches":3}