{"stallDuration":17798.90000000596,"averageLatency":4.559600000000001,"averageBufferLength":0.10806666666666673,"currentBitrate":600,"playbackspeed":1,"CummulativeQoE":4249.176251229626,"prevA":49.55832562672048,"prevB":0.4771212547196624,"prevBitrate":600,"currentQoE":49.08120437200082,"prevStalls":17798.90000000596,"AverageQoE":28.327841674864175,"TotalSegments":150,"currentLiveLatency":9.503,"averageBitrate":968013.2481936722,"numSwitches":2}