{"stallDuration":13834.099999979138,"averageLatency":4.73438,"averageBufferLength":0.45240000000000014,"currentBitrate":200,"playbackspeed":1.4999999999999902,"CummulativeQoE":4361.654978648134,"prevA":48.68183992630852,"prevB":0,"prevBitrate":200,"currentQoE":48.68183992630852,"prevStalls":13834.099999979138,"AverageQoE":29.077699857654224,"TotalSegments":150,"currentLiveLatency":7.756,"averageBitrate":814956.2971478438,"numSwitches":2}