{"stallDuration":2839.4000000096858,"averageLatency":2.108026666666668,"averageBufferLength":0.6965133333333332,"currentBitrate":200,"playbackspeed":1,"CummulativeQoE":4136.20935786268,"prevA":43.97508623944989,"prevB":0,"prevBitrate":200,"currentQoE":43.97508623944989,"prevStalls":2839.4000000096858,"AverageQoE":27.574729052417865,"TotalSegments":150,"currentLiveLatency":1.538,"averageBitrate":529810.8448338143,"numSwitches":2}