{"stallDuration":0,"averageLatency":1.4637866666666657,"averageBufferLength":0.8390355555555561,"averageBitrate":112896.17852791764,"numSwitches":2}