{"stallDuration":251.5,"averageLatency":2.013146666666668,"averageBufferLength":0.8511244444444447,"averageBitrate":106289.40288715041,"numSwitches":2}